pest_id,crop,pest,life_stage,symptoms,affected_part,damage_type,peak_season,severity,description
1,Cotton,Thrips,Adult,Typical symptoms caused by Thrips,Stem,Fruit damage,Kharif,High,Thrips is a common pest affecting Cotton.
2,Soybean,Girdle Beetle,Adult,Typical symptoms caused by Girdle Beetle,Leaf,Leaf feeding,Rabi,Medium,Girdle Beetle is a common pest affecting Soybean.
3,Banana,Rhizome Weevil,Egg,Typical symptoms caused by Rhizome Weevil,Stem,Fruit damage,Kharif,Medium,Rhizome Weevil is a common pest affecting Banana.
4,Chilli,Aphid,Egg,Typical symptoms caused by Aphid,Whole Plant,Fruit damage,Rabi,Low,Aphid is a common pest affecting Chilli.
5,Maize,Corn Earworm,Adult,Typical symptoms caused by Corn Earworm,Stem,Stem boring,Kharif,Low,Corn Earworm is a common pest affecting Maize.
6,Tomato,Thrips,Egg,Typical symptoms caused by Thrips,Leaf,Defoliation,Kharif,Medium,Thrips is a common pest affecting Tomato.
7,Wheat,Brown Wheat Mite,Larva,Typical symptoms caused by Brown Wheat Mite,Root,Fruit damage,Summer,Low,Brown Wheat Mite is a common pest affecting Wheat.
8,Banana,Rhizome Weevil,Larva,Typical symptoms caused by Rhizome Weevil,Fruit,Fruit damage,Year-round,Medium,Rhizome Weevil is a common pest affecting Banana.
9,Potato,Potato Tuber Moth,Egg,Typical symptoms caused by Potato Tuber Moth,Whole Plant,Leaf feeding,Rabi,Low,Potato Tuber Moth is a common pest affecting Potato.
10,Maize,Stem Borer,Egg,Typical symptoms caused by Stem Borer,Stem,Stem boring,Rabi,Medium,Stem Borer is a common pest affecting Maize.
11,Potato,White Grub,Larva,Typical symptoms caused by White Grub,Stem,Defoliation,Summer,Medium,White Grub is a common pest affecting Potato.
12,Soybean,Stem Fly,Larva,Typical symptoms caused by Stem Fly,Whole Plant,Fruit damage,Summer,Medium,Stem Fly is a common pest affecting Soybean.
13,Maize,Fall Armyworm,Nymph,Typical symptoms caused by Fall Armyworm,Stem,Sap sucking,Year-round,Low,Fall Armyworm is a common pest affecting Maize.
14,Maize,Fall Armyworm,Larva,Typical symptoms caused by Fall Armyworm,Whole Plant,Root damage,Kharif,Low,Fall Armyworm is a common pest affecting Maize.
15,Banana,Banana Weevil,Larva,Typical symptoms caused by Banana Weevil,Fruit,Defoliation,Year-round,High,Banana Weevil is a common pest affecting Banana.
16,Chilli,Mite,Larva,Typical symptoms caused by Mite,Leaf,Sap sucking,Rabi,High,Mite is a common pest affecting Chilli.
17,Maize,Aphid,Nymph,Typical symptoms caused by Aphid,Leaf,Sap sucking,Summer,Medium,Aphid is a common pest affecting Maize.
18,Onion,Cutworm,Larva,Typical symptoms caused by Cutworm,Root,Leaf feeding,Kharif,Medium,Cutworm is a common pest affecting Onion.
19,Tomato,Spider Mite,Egg,Typical symptoms caused by Spider Mite,Stem,Fruit damage,Summer,Low,Spider Mite is a common pest affecting Tomato.
20,Maize,White Grub,Egg,Typical symptoms caused by White Grub,Stem,Stem boring,Rabi,High,White Grub is a common pest affecting Maize.
21,Cotton,Whitefly,Nymph,Typical symptoms caused by Whitefly,Whole Plant,Defoliation,Year-round,Medium,Whitefly is a common pest affecting Cotton.
22,Onion,Onion Thrips,Egg,Typical symptoms caused by Onion Thrips,Stem,Leaf feeding,Year-round,High,Onion Thrips is a common pest affecting Onion.
23,Rice,Brown Planthopper,Nymph,Typical symptoms caused by Brown Planthopper,Whole Plant,Root damage,Summer,Medium,Brown Planthopper is a common pest affecting Rice.
24,Cotton,Jassid,Larva,Typical symptoms caused by Jassid,Root,Leaf feeding,Summer,High,Jassid is a common pest affecting Cotton.
25,Soybean,Aphid,Adult,Typical symptoms caused by Aphid,Stem,Stem boring,Summer,Medium,Aphid is a common pest affecting Soybean.
26,Cotton,American Bollworm,Larva,Typical symptoms caused by American Bollworm,Root,Root damage,Year-round,Medium,American Bollworm is a common pest affecting Cotton.
27,Tomato,Leaf Miner,Larva,Typical symptoms caused by Leaf Miner,Whole Plant,Stem boring,Rabi,Low,Leaf Miner is a common pest affecting Tomato.
28,Maize,Corn Earworm,Egg,Typical symptoms caused by Corn Earworm,Stem,Root damage,Year-round,High,Corn Earworm is a common pest affecting Maize.
29,Soybean,Girdle Beetle,Adult,Typical symptoms caused by Girdle Beetle,Fruit,Fruit damage,Year-round,Medium,Girdle Beetle is a common pest affecting Soybean.
30,Soybean,Whitefly,Larva,Typical symptoms caused by Whitefly,Fruit,Stem boring,Year-round,Low,Whitefly is a common pest affecting Soybean.
31,Rice,Gall Midge,Larva,Typical symptoms caused by Gall Midge,Root,Fruit damage,Kharif,Low,Gall Midge is a common pest affecting Rice.
32,Rice,Rice Hispa,Nymph,Typical symptoms caused by Rice Hispa,Root,Sap sucking,Kharif,Medium,Rice Hispa is a common pest affecting Rice.
33,Cotton,Mealybug,Larva,Typical symptoms caused by Mealybug,Fruit,Sap sucking,Year-round,High,Mealybug is a common pest affecting Cotton.
34,Wheat,Aphid,Nymph,Typical symptoms caused by Aphid,Stem,Defoliation,Year-round,Low,Aphid is a common pest affecting Wheat.
35,Rice,Stem Borer,Adult,Typical symptoms caused by Stem Borer,Root,Sap sucking,Summer,Medium,Stem Borer is a common pest affecting Rice.
36,Banana,Rhizome Weevil,Egg,Typical symptoms caused by Rhizome Weevil,Root,Defoliation,Rabi,High,Rhizome Weevil is a common pest affecting Banana.
37,Rice,Stem Borer,Larva,Typical symptoms caused by Stem Borer,Root,Sap sucking,Summer,Low,Stem Borer is a common pest affecting Rice.
38,Chilli,Aphid,Larva,Typical symptoms caused by Aphid,Whole Plant,Fruit damage,Summer,Medium,Aphid is a common pest affecting Chilli.
39,Potato,Cutworm,Larva,Typical symptoms caused by Cutworm,Root,Defoliation,Kharif,High,Cutworm is a common pest affecting Potato.
40,Maize,White Grub,Nymph,Typical symptoms caused by White Grub,Fruit,Leaf feeding,Kharif,Low,White Grub is a common pest affecting Maize.
41,Cotton,American Bollworm,Adult,Typical symptoms caused by American Bollworm,Whole Plant,Leaf feeding,Summer,High,American Bollworm is a common pest affecting Cotton.
42,Rice,Rice Hispa,Nymph,Typical symptoms caused by Rice Hispa,Leaf,Leaf feeding,Kharif,High,Rice Hispa is a common pest affecting Rice.
43,Cotton,Jassid,Egg,Typical symptoms caused by Jassid,Fruit,Fruit damage,Kharif,Low,Jassid is a common pest affecting Cotton.
44,Onion,Maggot,Adult,Typical symptoms caused by Maggot,Stem,Fruit damage,Rabi,Medium,Maggot is a common pest affecting Onion.
45,Rice,Armyworm,Larva,Typical symptoms caused by Armyworm,Stem,Fruit damage,Rabi,Low,Armyworm is a common pest affecting Rice.
46,Tomato,Whitefly,Adult,Typical symptoms caused by Whitefly,Stem,Stem boring,Summer,Medium,Whitefly is a common pest affecting Tomato.
47,Cotton,American Bollworm,Larva,Typical symptoms caused by American Bollworm,Whole Plant,Root damage,Summer,High,American Bollworm is a common pest affecting Cotton.
48,Chilli,Thrips,Nymph,Typical symptoms caused by Thrips,Root,Root damage,Kharif,Medium,Thrips is a common pest affecting Chilli.
49,Soybean,Semilooper,Adult,Typical symptoms caused by Semilooper,Root,Defoliation,Year-round,High,Semilooper is a common pest affecting Soybean.
50,Cotton,Mealybug,Egg,Typical symptoms caused by Mealybug,Root,Root damage,Year-round,High,Mealybug is a common pest affecting Cotton.
51,Wheat,Armyworm,Larva,Typical symptoms caused by Armyworm,Stem,Sap sucking,Summer,Low,Armyworm is a common pest affecting Wheat.
52,Cotton,Thrips,Larva,Typical symptoms caused by Thrips,Stem,Root damage,Year-round,High,Thrips is a common pest affecting Cotton.
53,Potato,White Grub,Nymph,Typical symptoms caused by White Grub,Leaf,Fruit damage,Year-round,Medium,White Grub is a common pest affecting Potato.
54,Wheat,Aphid,Larva,Typical symptoms caused by Aphid,Root,Stem boring,Kharif,Low,Aphid is a common pest affecting Wheat.
55,Cotton,Mealybug,Larva,Typical symptoms caused by Mealybug,Fruit,Root damage,Rabi,Low,Mealybug is a common pest affecting Cotton.
56,Rice,Green Leafhopper,Larva,Typical symptoms caused by Green Leafhopper,Whole Plant,Root damage,Kharif,Low,Green Leafhopper is a common pest affecting Rice.
57,Maize,White Grub,Nymph,Typical symptoms caused by White Grub,Stem,Sap sucking,Year-round,Low,White Grub is a common pest affecting Maize.
58,Wheat,Aphid,Larva,Typical symptoms caused by Aphid,Stem,Fruit damage,Summer,Medium,Aphid is a common pest affecting Wheat.
59,Potato,Aphid,Adult,Typical symptoms caused by Aphid,Root,Fruit damage,Summer,Medium,Aphid is a common pest affecting Potato.
60,Rice,Caseworm,Larva,Typical symptoms caused by Caseworm,Leaf,Fruit damage,Kharif,Medium,Caseworm is a common pest affecting Rice.
61,Chilli,Mite,Egg,Typical symptoms caused by Mite,Root,Fruit damage,Summer,High,Mite is a common pest affecting Chilli.
62,Soybean,Semilooper,Egg,Typical symptoms caused by Semilooper,Whole Plant,Stem boring,Year-round,Medium,Semilooper is a common pest affecting Soybean.
63,Onion,Maggot,Nymph,Typical symptoms caused by Maggot,Whole Plant,Leaf feeding,Rabi,Medium,Maggot is a common pest affecting Onion.
64,Maize,Corn Earworm,Larva,Typical symptoms caused by Corn Earworm,Leaf,Root damage,Year-round,Medium,Corn Earworm is a common pest affecting Maize.
65,Tomato,Whitefly,Egg,Typical symptoms caused by Whitefly,Root,Leaf feeding,Kharif,Low,Whitefly is a common pest affecting Tomato.
66,Onion,Onion Thrips,Larva,Typical symptoms caused by Onion Thrips,Leaf,Fruit damage,Year-round,Medium,Onion Thrips is a common pest affecting Onion.
67,Wheat,Termite,Adult,Typical symptoms caused by Termite,Fruit,Defoliation,Summer,Low,Termite is a common pest affecting Wheat.
68,Chilli,Fruit Borer,Larva,Typical symptoms caused by Fruit Borer,Leaf,Stem boring,Year-round,High,Fruit Borer is a common pest affecting Chilli.
69,Cotton,Thrips,Egg,Typical symptoms caused by Thrips,Leaf,Sap sucking,Summer,Medium,Thrips is a common pest affecting Cotton.
70,Potato,Leafhopper,Larva,Typical symptoms caused by Leafhopper,Fruit,Stem boring,Year-round,High,Leafhopper is a common pest affecting Potato.
71,Wheat,Termite,Nymph,Typical symptoms caused by Termite,Whole Plant,Sap sucking,Kharif,Low,Termite is a common pest affecting Wheat.
72,Rice,Armyworm,Adult,Typical symptoms caused by Armyworm,Fruit,Sap sucking,Kharif,Medium,Armyworm is a common pest affecting Rice.
73,Wheat,Brown Wheat Mite,Nymph,Typical symptoms caused by Brown Wheat Mite,Root,Leaf feeding,Kharif,Low,Brown Wheat Mite is a common pest affecting Wheat.
74,Rice,Rice Hispa,Nymph,Typical symptoms caused by Rice Hispa,Whole Plant,Stem boring,Kharif,Low,Rice Hispa is a common pest affecting Rice.
75,Onion,Cutworm,Larva,Typical symptoms caused by Cutworm,Fruit,Sap sucking,Year-round,High,Cutworm is a common pest affecting Onion.
76,Wheat,Cutworm,Egg,Typical symptoms caused by Cutworm,Fruit,Root damage,Summer,Medium,Cutworm is a common pest affecting Wheat.
77,Wheat,Brown Wheat Mite,Egg,Typical symptoms caused by Brown Wheat Mite,Fruit,Sap sucking,Rabi,Low,Brown Wheat Mite is a common pest affecting Wheat.
78,Wheat,Termite,Adult,Typical symptoms caused by Termite,Root,Root damage,Summer,Medium,Termite is a common pest affecting Wheat.
79,Potato,Aphid,Adult,Typical symptoms caused by Aphid,Leaf,Fruit damage,Summer,Medium,Aphid is a common pest affecting Potato.
80,Maize,Aphid,Adult,Typical symptoms caused by Aphid,Whole Plant,Leaf feeding,Summer,Low,Aphid is a common pest affecting Maize.
81,Potato,Aphid,Larva,Typical symptoms caused by Aphid,Whole Plant,Fruit damage,Kharif,Medium,Aphid is a common pest affecting Potato.
82,Banana,Rhizome Weevil,Egg,Typical symptoms caused by Rhizome Weevil,Root,Root damage,Summer,High,Rhizome Weevil is a common pest affecting Banana.
83,Wheat,Cutworm,Larva,Typical symptoms caused by Cutworm,Stem,Stem boring,Kharif,High,Cutworm is a common pest affecting Wheat.
84,Potato,White Grub,Larva,Typical symptoms caused by White Grub,Root,Fruit damage,Summer,Medium,White Grub is a common pest affecting Potato.
85,Chilli,Thrips,Adult,Typical symptoms caused by Thrips,Fruit,Leaf feeding,Rabi,Medium,Thrips is a common pest affecting Chilli.
86,Banana,Rhizome Weevil,Larva,Typical symptoms caused by Rhizome Weevil,Root,Fruit damage,Rabi,High,Rhizome Weevil is a common pest affecting Banana.
87,Chilli,Whitefly,Nymph,Typical symptoms caused by Whitefly,Whole Plant,Leaf feeding,Rabi,Low,Whitefly is a common pest affecting Chilli.
88,Potato,Cutworm,Egg,Typical symptoms caused by Cutworm,Leaf,Defoliation,Rabi,Medium,Cutworm is a common pest affecting Potato.
89,Rice,Leaf Folder,Nymph,Typical symptoms caused by Leaf Folder,Root,Sap sucking,Year-round,High,Leaf Folder is a common pest affecting Rice.
90,Banana,Aphid,Egg,Typical symptoms caused by Aphid,Leaf,Defoliation,Kharif,Low,Aphid is a common pest affecting Banana.
91,Soybean,Whitefly,Larva,Typical symptoms caused by Whitefly,Stem,Stem boring,Year-round,Medium,Whitefly is a common pest affecting Soybean.
92,Banana,Nematode,Egg,Typical symptoms caused by Nematode,Fruit,Root damage,Year-round,Medium,Nematode is a common pest affecting Banana.
93,Maize,White Grub,Adult,Typical symptoms caused by White Grub,Fruit,Fruit damage,Rabi,Medium,White Grub is a common pest affecting Maize.
94,Onion,Cutworm,Nymph,Typical symptoms caused by Cutworm,Stem,Leaf feeding,Summer,Low,Cutworm is a common pest affecting Onion.
95,Soybean,Aphid,Larva,Typical symptoms caused by Aphid,Fruit,Root damage,Kharif,Low,Aphid is a common pest affecting Soybean.
96,Maize,Stem Borer,Egg,Typical symptoms caused by Stem Borer,Root,Leaf feeding,Year-round,High,Stem Borer is a common pest affecting Maize.
97,Cotton,American Bollworm,Egg,Typical symptoms caused by American Bollworm,Whole Plant,Defoliation,Summer,Low,American Bollworm is a common pest affecting Cotton.
98,Soybean,Girdle Beetle,Egg,Typical symptoms caused by Girdle Beetle,Leaf,Fruit damage,Kharif,High,Girdle Beetle is a common pest affecting Soybean.
99,Cotton,Mealybug,Nymph,Typical symptoms caused by Mealybug,Leaf,Stem boring,Summer,High,Mealybug is a common pest affecting Cotton.
100,Soybean,Stem Fly,Egg,Typical symptoms caused by Stem Fly,Leaf,Sap sucking,Rabi,Low,Stem Fly is a common pest affecting Soybean.
101,Rice,Gall Midge,Egg,Typical symptoms caused by Gall Midge,Leaf,Stem boring,Kharif,High,Gall Midge is a common pest affecting Rice.
102,Chilli,Mite,Nymph,Typical symptoms caused by Mite,Whole Plant,Defoliation,Rabi,Low,Mite is a common pest affecting Chilli.
103,Onion,Onion Thrips,Larva,Typical symptoms caused by Onion Thrips,Stem,Leaf feeding,Year-round,High,Onion Thrips is a common pest affecting Onion.
104,Wheat,Termite,Nymph,Typical symptoms caused by Termite,Whole Plant,Sap sucking,Summer,Low,Termite is a common pest affecting Wheat.
105,Tomato,Thrips,Larva,Typical symptoms caused by Thrips,Root,Leaf feeding,Year-round,Low,Thrips is a common pest affecting Tomato.
106,Potato,Leafhopper,Larva,Typical symptoms caused by Leafhopper,Leaf,Sap sucking,Rabi,High,Leafhopper is a common pest affecting Potato.
107,Maize,Corn Earworm,Larva,Typical symptoms caused by Corn Earworm,Root,Leaf feeding,Rabi,High,Corn Earworm is a common pest affecting Maize.
108,Maize,Shoot Fly,Adult,Typical symptoms caused by Shoot Fly,Stem,Leaf feeding,Year-round,Medium,Shoot Fly is a common pest affecting Maize.
109,Potato,Leafhopper,Nymph,Typical symptoms caused by Leafhopper,Leaf,Stem boring,Kharif,High,Leafhopper is a common pest affecting Potato.
110,Soybean,Aphid,Egg,Typical symptoms caused by Aphid,Fruit,Root damage,Rabi,High,Aphid is a common pest affecting Soybean.
111,Banana,Aphid,Egg,Typical symptoms caused by Aphid,Whole Plant,Stem boring,Summer,Low,Aphid is a common pest affecting Banana.
112,Banana,Banana Weevil,Adult,Typical symptoms caused by Banana Weevil,Whole Plant,Leaf feeding,Rabi,Medium,Banana Weevil is a common pest affecting Banana.
113,Cotton,Pink Bollworm,Egg,Typical symptoms caused by Pink Bollworm,Stem,Stem boring,Year-round,Medium,Pink Bollworm is a common pest affecting Cotton.
114,Potato,Potato Tuber Moth,Egg,Typical symptoms caused by Potato Tuber Moth,Fruit,Fruit damage,Year-round,Medium,Potato Tuber Moth is a common pest affecting Potato.
115,Tomato,Whitefly,Adult,Typical symptoms caused by Whitefly,Fruit,Stem boring,Kharif,Low,Whitefly is a common pest affecting Tomato.
116,Banana,Aphid,Adult,Typical symptoms caused by Aphid,Root,Root damage,Year-round,Medium,Aphid is a common pest affecting Banana.
117,Soybean,Whitefly,Adult,Typical symptoms caused by Whitefly,Stem,Stem boring,Rabi,Medium,Whitefly is a common pest affecting Soybean.
118,Onion,Cutworm,Nymph,Typical symptoms caused by Cutworm,Whole Plant,Fruit damage,Kharif,Low,Cutworm is a common pest affecting Onion.
119,Maize,Shoot Fly,Adult,Typical symptoms caused by Shoot Fly,Whole Plant,Leaf feeding,Year-round,Medium,Shoot Fly is a common pest affecting Maize.
120,Rice,Leaf Folder,Nymph,Typical symptoms caused by Leaf Folder,Leaf,Leaf feeding,Summer,Medium,Leaf Folder is a common pest affecting Rice.
121,Banana,Rhizome Weevil,Adult,Typical symptoms caused by Rhizome Weevil,Root,Sap sucking,Year-round,Low,Rhizome Weevil is a common pest affecting Banana.
122,Wheat,Cutworm,Nymph,Typical symptoms caused by Cutworm,Fruit,Sap sucking,Year-round,Medium,Cutworm is a common pest affecting Wheat.
123,Wheat,Armyworm,Egg,Typical symptoms caused by Armyworm,Whole Plant,Leaf feeding,Kharif,High,Armyworm is a common pest affecting Wheat.
124,Chilli,Whitefly,Larva,Typical symptoms caused by Whitefly,Stem,Leaf feeding,Summer,High,Whitefly is a common pest affecting Chilli.
125,Tomato,Spider Mite,Egg,Typical symptoms caused by Spider Mite,Root,Defoliation,Kharif,Low,Spider Mite is a common pest affecting Tomato.
126,Wheat,Armyworm,Egg,Typical symptoms caused by Armyworm,Fruit,Root damage,Rabi,Low,Armyworm is a common pest affecting Wheat.
127,Potato,Potato Tuber Moth,Larva,Typical symptoms caused by Potato Tuber Moth,Whole Plant,Stem boring,Summer,Medium,Potato Tuber Moth is a common pest affecting Potato.
128,Soybean,Girdle Beetle,Nymph,Typical symptoms caused by Girdle Beetle,Leaf,Root damage,Year-round,High,Girdle Beetle is a common pest affecting Soybean.
129,Cotton,Mealybug,Adult,Typical symptoms caused by Mealybug,Root,Stem boring,Summer,Medium,Mealybug is a common pest affecting Cotton.
130,Rice,Rice Hispa,Larva,Typical symptoms caused by Rice Hispa,Stem,Sap sucking,Rabi,Medium,Rice Hispa is a common pest affecting Rice.
131,Onion,Maggot,Larva,Typical symptoms caused by Maggot,Whole Plant,Root damage,Kharif,Low,Maggot is a common pest affecting Onion.
132,Cotton,Mealybug,Egg,Typical symptoms caused by Mealybug,Fruit,Root damage,Summer,High,Mealybug is a common pest affecting Cotton.
133,Banana,Nematode,Adult,Typical symptoms caused by Nematode,Fruit,Defoliation,Year-round,High,Nematode is a common pest affecting Banana.
134,Soybean,Aphid,Adult,Typical symptoms caused by Aphid,Leaf,Root damage,Kharif,Medium,Aphid is a common pest affecting Soybean.
135,Chilli,Whitefly,Egg,Typical symptoms caused by Whitefly,Fruit,Stem boring,Summer,High,Whitefly is a common pest affecting Chilli.
136,Onion,Onion Thrips,Adult,Typical symptoms caused by Onion Thrips,Stem,Stem boring,Summer,Low,Onion Thrips is a common pest affecting Onion.
137,Onion,Maggot,Nymph,Typical symptoms caused by Maggot,Stem,Sap sucking,Rabi,Low,Maggot is a common pest affecting Onion.
138,Soybean,Aphid,Nymph,Typical symptoms caused by Aphid,Root,Fruit damage,Rabi,Medium,Aphid is a common pest affecting Soybean.
139,Chilli,Fruit Borer,Nymph,Typical symptoms caused by Fruit Borer,Fruit,Fruit damage,Summer,High,Fruit Borer is a common pest affecting Chilli.
140,Tomato,Whitefly,Larva,Typical symptoms caused by Whitefly,Stem,Stem boring,Year-round,Low,Whitefly is a common pest affecting Tomato.
141,Potato,Aphid,Egg,Typical symptoms caused by Aphid,Stem,Fruit damage,Summer,High,Aphid is a common pest affecting Potato.
142,Banana,Banana Weevil,Larva,Typical symptoms caused by Banana Weevil,Stem,Sap sucking,Year-round,High,Banana Weevil is a common pest affecting Banana.
143,Soybean,Stem Fly,Larva,Typical symptoms caused by Stem Fly,Leaf,Fruit damage,Summer,Medium,Stem Fly is a common pest affecting Soybean.
144,Potato,White Grub,Nymph,Typical symptoms caused by White Grub,Leaf,Defoliation,Kharif,Medium,White Grub is a common pest affecting Potato.
145,Maize,Corn Earworm,Larva,Typical symptoms caused by Corn Earworm,Whole Plant,Root damage,Year-round,Medium,Corn Earworm is a common pest affecting Maize.
146,Potato,Leafhopper,Egg,Typical symptoms caused by Leafhopper,Stem,Sap sucking,Kharif,High,Leafhopper is a common pest affecting Potato.
147,Banana,Thrips,Adult,Typical symptoms caused by Thrips,Stem,Defoliation,Year-round,High,Thrips is a common pest affecting Banana.
148,Maize,Shoot Fly,Larva,Typical symptoms caused by Shoot Fly,Root,Sap sucking,Rabi,Medium,Shoot Fly is a common pest affecting Maize.
149,Potato,Cutworm,Larva,Typical symptoms caused by Cutworm,Stem,Stem boring,Summer,Medium,Cutworm is a common pest affecting Potato.
150,Onion,Maggot,Larva,Typical symptoms caused by Maggot,Root,Leaf feeding,Summer,High,Maggot is a common pest affecting Onion.
151,Maize,White Grub,Egg,Typical symptoms caused by White Grub,Leaf,Fruit damage,Rabi,Low,White Grub is a common pest affecting Maize.
152,Maize,Aphid,Egg,Typical symptoms caused by Aphid,Root,Defoliation,Rabi,Medium,Aphid is a common pest affecting Maize.
153,Tomato,Spider Mite,Nymph,Typical symptoms caused by Spider Mite,Whole Plant,Stem boring,Summer,Low,Spider Mite is a common pest affecting Tomato.
154,Potato,Potato Tuber Moth,Adult,Typical symptoms caused by Potato Tuber Moth,Stem,Defoliation,Rabi,High,Potato Tuber Moth is a common pest affecting Potato.
155,Chilli,Thrips,Egg,Typical symptoms caused by Thrips,Root,Defoliation,Kharif,Medium,Thrips is a common pest affecting Chilli.
156,Rice,Caseworm,Adult,Typical symptoms caused by Caseworm,Stem,Stem boring,Summer,Medium,Caseworm is a common pest affecting Rice.
157,Cotton,Jassid,Nymph,Typical symptoms caused by Jassid,Whole Plant,Stem boring,Kharif,High,Jassid is a common pest affecting Cotton.
158,Soybean,Semilooper,Larva,Typical symptoms caused by Semilooper,Stem,Fruit damage,Kharif,High,Semilooper is a common pest affecting Soybean.
159,Banana,Aphid,Larva,Typical symptoms caused by Aphid,Root,Root damage,Rabi,Low,Aphid is a common pest affecting Banana.
160,Wheat,Pink Stem Borer,Larva,Typical symptoms caused by Pink Stem Borer,Leaf,Root damage,Rabi,Medium,Pink Stem Borer is a common pest affecting Wheat.
161,Soybean,Whitefly,Egg,Typical symptoms caused by Whitefly,Whole Plant,Leaf feeding,Year-round,High,Whitefly is a common pest affecting Soybean.
162,Cotton,Pink Bollworm,Larva,Typical symptoms caused by Pink Bollworm,Stem,Sap sucking,Rabi,High,Pink Bollworm is a common pest affecting Cotton.
163,Tomato,Aphid,Larva,Typical symptoms caused by Aphid,Leaf,Sap sucking,Kharif,Medium,Aphid is a common pest affecting Tomato.
164,Chilli,Fruit Borer,Adult,Typical symptoms caused by Fruit Borer,Leaf,Sap sucking,Year-round,Low,Fruit Borer is a common pest affecting Chilli.
165,Chilli,Whitefly,Nymph,Typical symptoms caused by Whitefly,Stem,Root damage,Summer,Medium,Whitefly is a common pest affecting Chilli.
166,Tomato,Fruit Borer,Larva,Typical symptoms caused by Fruit Borer,Root,Sap sucking,Kharif,High,Fruit Borer is a common pest affecting Tomato.
167,Soybean,Whitefly,Egg,Typical symptoms caused by Whitefly,Root,Leaf feeding,Rabi,Medium,Whitefly is a common pest affecting Soybean.
168,Soybean,Semilooper,Egg,Typical symptoms caused by Semilooper,Whole Plant,Defoliation,Kharif,Low,Semilooper is a common pest affecting Soybean.
169,Potato,Aphid,Nymph,Typical symptoms caused by Aphid,Leaf,Stem boring,Summer,Medium,Aphid is a common pest affecting Potato.
170,Soybean,Girdle Beetle,Egg,Typical symptoms caused by Girdle Beetle,Root,Sap sucking,Rabi,Medium,Girdle Beetle is a common pest affecting Soybean.
171,Rice,Armyworm,Nymph,Typical symptoms caused by Armyworm,Leaf,Stem boring,Summer,Medium,Armyworm is a common pest affecting Rice.
172,Onion,Leaf Miner,Egg,Typical symptoms caused by Leaf Miner,Fruit,Root damage,Kharif,Low,Leaf Miner is a common pest affecting Onion.
173,Maize,Aphid,Egg,Typical symptoms caused by Aphid,Fruit,Fruit damage,Year-round,Medium,Aphid is a common pest affecting Maize.
174,Tomato,Spider Mite,Nymph,Typical symptoms caused by Spider Mite,Whole Plant,Stem boring,Year-round,High,Spider Mite is a common pest affecting Tomato.
175,Soybean,Semilooper,Larva,Typical symptoms caused by Semilooper,Leaf,Leaf feeding,Year-round,Low,Semilooper is a common pest affecting Soybean.
176,Chilli,Whitefly,Nymph,Typical symptoms caused by Whitefly,Whole Plant,Stem boring,Kharif,High,Whitefly is a common pest affecting Chilli.
177,Rice,Caseworm,Egg,Typical symptoms caused by Caseworm,Root,Leaf feeding,Kharif,Low,Caseworm is a common pest affecting Rice.
178,Wheat,Termite,Adult,Typical symptoms caused by Termite,Leaf,Stem boring,Summer,Medium,Termite is a common pest affecting Wheat.
179,Onion,Maggot,Nymph,Typical symptoms caused by Maggot,Fruit,Stem boring,Rabi,Low,Maggot is a common pest affecting Onion.
180,Wheat,Armyworm,Egg,Typical symptoms caused by Armyworm,Leaf,Leaf feeding,Summer,Medium,Armyworm is a common pest affecting Wheat.
181,Chilli,Fruit Borer,Adult,Typical symptoms caused by Fruit Borer,Leaf,Root damage,Kharif,Low,Fruit Borer is a common pest affecting Chilli.
182,Tomato,Thrips,Adult,Typical symptoms caused by Thrips,Stem,Root damage,Year-round,Medium,Thrips is a common pest affecting Tomato.
183,Banana,Rhizome Weevil,Nymph,Typical symptoms caused by Rhizome Weevil,Leaf,Sap sucking,Rabi,Low,Rhizome Weevil is a common pest affecting Banana.
184,Rice,Caseworm,Larva,Typical symptoms caused by Caseworm,Leaf,Fruit damage,Summer,Medium,Caseworm is a common pest affecting Rice.
185,Soybean,Girdle Beetle,Adult,Typical symptoms caused by Girdle Beetle,Fruit,Stem boring,Summer,Low,Girdle Beetle is a common pest affecting Soybean.
186,Potato,Aphid,Egg,Typical symptoms caused by Aphid,Root,Defoliation,Kharif,Low,Aphid is a common pest affecting Potato.
187,Maize,White Grub,Larva,Typical symptoms caused by White Grub,Fruit,Stem boring,Rabi,High,White Grub is a common pest affecting Maize.
188,Rice,Rice Hispa,Egg,Typical symptoms caused by Rice Hispa,Stem,Fruit damage,Summer,High,Rice Hispa is a common pest affecting Rice.
189,Onion,Onion Thrips,Nymph,Typical symptoms caused by Onion Thrips,Stem,Root damage,Kharif,High,Onion Thrips is a common pest affecting Onion.
190,Maize,Aphid,Larva,Typical symptoms caused by Aphid,Root,Defoliation,Year-round,Medium,Aphid is a common pest affecting Maize.
191,Rice,Stem Borer,Larva,Typical symptoms caused by Stem Borer,Leaf,Sap sucking,Year-round,High,Stem Borer is a common pest affecting Rice.
192,Chilli,Mite,Egg,Typical symptoms caused by Mite,Stem,Stem boring,Kharif,Low,Mite is a common pest affecting Chilli.
193,Onion,Cutworm,Larva,Typical symptoms caused by Cutworm,Whole Plant,Defoliation,Year-round,Medium,Cutworm is a common pest affecting Onion.
194,Tomato,Thrips,Larva,Typical symptoms caused by Thrips,Leaf,Fruit damage,Year-round,Medium,Thrips is a common pest affecting Tomato.
195,Chilli,Fruit Borer,Nymph,Typical symptoms caused by Fruit Borer,Fruit,Stem boring,Year-round,Medium,Fruit Borer is a common pest affecting Chilli.
196,Maize,Corn Earworm,Egg,Typical symptoms caused by Corn Earworm,Fruit,Fruit damage,Year-round,Low,Corn Earworm is a common pest affecting Maize.
197,Potato,Potato Tuber Moth,Nymph,Typical symptoms caused by Potato Tuber Moth,Whole Plant,Fruit damage,Kharif,Low,Potato Tuber Moth is a common pest affecting Potato.
198,Rice,Green Leafhopper,Adult,Typical symptoms caused by Green Leafhopper,Leaf,Leaf feeding,Year-round,Medium,Green Leafhopper is a common pest affecting Rice.
199,Potato,Leafhopper,Larva,Typical symptoms caused by Leafhopper,Whole Plant,Fruit damage,Summer,Medium,Leafhopper is a common pest affecting Potato.
200,Soybean,Whitefly,Larva,Typical symptoms caused by Whitefly,Stem,Defoliation,Rabi,Medium,Whitefly is a common pest affecting Soybean.
201,Chilli,Fruit Borer,Adult,Typical symptoms caused by Fruit Borer,Stem,Root damage,Year-round,High,Fruit Borer is a common pest affecting Chilli.
202,Tomato,Whitefly,Nymph,Typical symptoms caused by Whitefly,Leaf,Fruit damage,Summer,Low,Whitefly is a common pest affecting Tomato.
203,Onion,Leaf Miner,Egg,Typical symptoms caused by Leaf Miner,Root,Sap sucking,Summer,Medium,Leaf Miner is a common pest affecting Onion.
204,Wheat,Pink Stem Borer,Adult,Typical symptoms caused by Pink Stem Borer,Root,Leaf feeding,Kharif,Low,Pink Stem Borer is a common pest affecting Wheat.
205,Wheat,Cutworm,Adult,Typical symptoms caused by Cutworm,Whole Plant,Sap sucking,Summer,Medium,Cutworm is a common pest affecting Wheat.
206,Maize,Shoot Fly,Egg,Typical symptoms caused by Shoot Fly,Leaf,Fruit damage,Rabi,Medium,Shoot Fly is a common pest affecting Maize.
207,Potato,Leafhopper,Adult,Typical symptoms caused by Leafhopper,Whole Plant,Fruit damage,Rabi,Low,Leafhopper is a common pest affecting Potato.
208,Maize,Fall Armyworm,Adult,Typical symptoms caused by Fall Armyworm,Leaf,Sap sucking,Kharif,High,Fall Armyworm is a common pest affecting Maize.
209,Wheat,Termite,Nymph,Typical symptoms caused by Termite,Root,Root damage,Rabi,Low,Termite is a common pest affecting Wheat.
210,Chilli,Aphid,Larva,Typical symptoms caused by Aphid,Stem,Root damage,Rabi,Low,Aphid is a common pest affecting Chilli.
211,Banana,Rhizome Weevil,Egg,Typical symptoms caused by Rhizome Weevil,Root,Sap sucking,Rabi,High,Rhizome Weevil is a common pest affecting Banana.
212,Cotton,Pink Bollworm,Nymph,Typical symptoms caused by Pink Bollworm,Stem,Fruit damage,Rabi,High,Pink Bollworm is a common pest affecting Cotton.
213,Cotton,Pink Bollworm,Larva,Typical symptoms caused by Pink Bollworm,Fruit,Stem boring,Kharif,High,Pink Bollworm is a common pest affecting Cotton.
214,Rice,Rice Hispa,Adult,Typical symptoms caused by Rice Hispa,Fruit,Fruit damage,Year-round,High,Rice Hispa is a common pest affecting Rice.
215,Soybean,Aphid,Egg,Typical symptoms caused by Aphid,Leaf,Fruit damage,Kharif,High,Aphid is a common pest affecting Soybean.
216,Onion,Leaf Miner,Larva,Typical symptoms caused by Leaf Miner,Fruit,Root damage,Year-round,High,Leaf Miner is a common pest affecting Onion.
217,Tomato,Whitefly,Larva,Typical symptoms caused by Whitefly,Root,Stem boring,Year-round,High,Whitefly is a common pest affecting Tomato.
218,Rice,Green Leafhopper,Egg,Typical symptoms caused by Green Leafhopper,Leaf,Sap sucking,Kharif,High,Green Leafhopper is a common pest affecting Rice.
219,Onion,Onion Thrips,Egg,Typical symptoms caused by Onion Thrips,Root,Leaf feeding,Rabi,Low,Onion Thrips is a common pest affecting Onion.
220,Chilli,Thrips,Egg,Typical symptoms caused by Thrips,Whole Plant,Sap sucking,Kharif,High,Thrips is a common pest affecting Chilli.
221,Rice,Armyworm,Larva,Typical symptoms caused by Armyworm,Whole Plant,Root damage,Kharif,Low,Armyworm is a common pest affecting Rice.
222,Tomato,Aphid,Egg,Typical symptoms caused by Aphid,Leaf,Fruit damage,Year-round,High,Aphid is a common pest affecting Tomato.
223,Potato,Cutworm,Egg,Typical symptoms caused by Cutworm,Root,Sap sucking,Kharif,High,Cutworm is a common pest affecting Potato.
224,Wheat,Termite,Egg,Typical symptoms caused by Termite,Stem,Leaf feeding,Summer,Medium,Termite is a common pest affecting Wheat.
225,Chilli,Mite,Larva,Typical symptoms caused by Mite,Root,Sap sucking,Kharif,High,Mite is a common pest affecting Chilli.
226,Tomato,Leaf Miner,Larva,Typical symptoms caused by Leaf Miner,Leaf,Stem boring,Kharif,Low,Leaf Miner is a common pest affecting Tomato.
227,Chilli,Whitefly,Larva,Typical symptoms caused by Whitefly,Whole Plant,Leaf feeding,Rabi,High,Whitefly is a common pest affecting Chilli.
228,Chilli,Aphid,Egg,Typical symptoms caused by Aphid,Root,Defoliation,Kharif,High,Aphid is a common pest affecting Chilli.
229,Tomato,Spider Mite,Nymph,Typical symptoms caused by Spider Mite,Whole Plant,Stem boring,Rabi,High,Spider Mite is a common pest affecting Tomato.
230,Onion,Maggot,Adult,Typical symptoms caused by Maggot,Whole Plant,Defoliation,Rabi,Medium,Maggot is a common pest affecting Onion.
231,Chilli,Thrips,Adult,Typical symptoms caused by Thrips,Stem,Sap sucking,Summer,Medium,Thrips is a common pest affecting Chilli.
232,Cotton,Pink Bollworm,Egg,Typical symptoms caused by Pink Bollworm,Fruit,Sap sucking,Kharif,Medium,Pink Bollworm is a common pest affecting Cotton.
233,Maize,Corn Earworm,Nymph,Typical symptoms caused by Corn Earworm,Fruit,Sap sucking,Rabi,High,Corn Earworm is a common pest affecting Maize.
234,Rice,Stem Borer,Larva,Typical symptoms caused by Stem Borer,Root,Sap sucking,Year-round,Medium,Stem Borer is a common pest affecting Rice.
235,Chilli,Mite,Nymph,Typical symptoms caused by Mite,Whole Plant,Fruit damage,Rabi,Medium,Mite is a common pest affecting Chilli.
236,Soybean,Stem Fly,Egg,Typical symptoms caused by Stem Fly,Whole Plant,Leaf feeding,Rabi,Medium,Stem Fly is a common pest affecting Soybean.
237,Banana,Banana Weevil,Egg,Typical symptoms caused by Banana Weevil,Root,Stem boring,Year-round,Low,Banana Weevil is a common pest affecting Banana.
238,Maize,Corn Earworm,Adult,Typical symptoms caused by Corn Earworm,Leaf,Stem boring,Rabi,High,Corn Earworm is a common pest affecting Maize.
239,Cotton,Mealybug,Larva,Typical symptoms caused by Mealybug,Stem,Defoliation,Summer,Low,Mealybug is a common pest affecting Cotton.
240,Cotton,Whitefly,Adult,Typical symptoms caused by Whitefly,Leaf,Sap sucking,Summer,Low,Whitefly is a common pest affecting Cotton.
241,Onion,Leaf Miner,Egg,Typical symptoms caused by Leaf Miner,Stem,Fruit damage,Summer,Low,Leaf Miner is a common pest affecting Onion.
242,Wheat,Armyworm,Egg,Typical symptoms caused by Armyworm,Root,Sap sucking,Year-round,High,Armyworm is a common pest affecting Wheat.
243,Tomato,Aphid,Egg,Typical symptoms caused by Aphid,Whole Plant,Leaf feeding,Kharif,Low,Aphid is a common pest affecting Tomato.
244,Potato,Leafhopper,Egg,Typical symptoms caused by Leafhopper,Fruit,Leaf feeding,Rabi,Medium,Leafhopper is a common pest affecting Potato.
245,Banana,Banana Weevil,Nymph,Typical symptoms caused by Banana Weevil,Leaf,Defoliation,Year-round,High,Banana Weevil is a common pest affecting Banana.
246,Soybean,Aphid,Egg,Typical symptoms caused by Aphid,Fruit,Stem boring,Rabi,High,Aphid is a common pest affecting Soybean.
247,Cotton,Whitefly,Egg,Typical symptoms caused by Whitefly,Root,Leaf feeding,Rabi,Medium,Whitefly is a common pest affecting Cotton.
248,Potato,Cutworm,Nymph,Typical symptoms caused by Cutworm,Whole Plant,Root damage,Rabi,Medium,Cutworm is a common pest affecting Potato.
249,Potato,Aphid,Nymph,Typical symptoms caused by Aphid,Leaf,Fruit damage,Year-round,Low,Aphid is a common pest affecting Potato.
250,Cotton,American Bollworm,Nymph,Typical symptoms caused by American Bollworm,Root,Defoliation,Kharif,Medium,American Bollworm is a common pest affecting Cotton.
251,Maize,Stem Borer,Adult,Typical symptoms caused by Stem Borer,Leaf,Root damage,Kharif,Low,Stem Borer is a common pest affecting Maize.
252,Wheat,Termite,Larva,Typical symptoms caused by Termite,Whole Plant,Defoliation,Year-round,Medium,Termite is a common pest affecting Wheat.
253,Rice,Stem Borer,Egg,Typical symptoms caused by Stem Borer,Stem,Stem boring,Summer,Medium,Stem Borer is a common pest affecting Rice.
254,Soybean,Stem Fly,Adult,Typical symptoms caused by Stem Fly,Root,Defoliation,Kharif,Medium,Stem Fly is a common pest affecting Soybean.
255,Soybean,Whitefly,Adult,Typical symptoms caused by Whitefly,Leaf,Stem boring,Rabi,High,Whitefly is a common pest affecting Soybean.
256,Cotton,Mealybug,Adult,Typical symptoms caused by Mealybug,Fruit,Root damage,Summer,Low,Mealybug is a common pest affecting Cotton.
257,Wheat,Pink Stem Borer,Nymph,Typical symptoms caused by Pink Stem Borer,Whole Plant,Stem boring,Kharif,Medium,Pink Stem Borer is a common pest affecting Wheat.
258,Soybean,Semilooper,Adult,Typical symptoms caused by Semilooper,Root,Fruit damage,Rabi,Low,Semilooper is a common pest affecting Soybean.
259,Tomato,Thrips,Larva,Typical symptoms caused by Thrips,Fruit,Sap sucking,Rabi,Medium,Thrips is a common pest affecting Tomato.
260,Banana,Thrips,Nymph,Typical symptoms caused by Thrips,Leaf,Stem boring,Rabi,Low,Thrips is a common pest affecting Banana.
261,Maize,Fall Armyworm,Nymph,Typical symptoms caused by Fall Armyworm,Fruit,Fruit damage,Kharif,High,Fall Armyworm is a common pest affecting Maize.
262,Wheat,Cutworm,Adult,Typical symptoms caused by Cutworm,Root,Stem boring,Year-round,Medium,Cutworm is a common pest affecting Wheat.
263,Rice,Leaf Folder,Egg,Typical symptoms caused by Leaf Folder,Root,Stem boring,Year-round,Low,Leaf Folder is a common pest affecting Rice.
264,Cotton,Mealybug,Larva,Typical symptoms caused by Mealybug,Root,Defoliation,Year-round,High,Mealybug is a common pest affecting Cotton.
265,Maize,Aphid,Nymph,Typical symptoms caused by Aphid,Leaf,Root damage,Rabi,High,Aphid is a common pest affecting Maize.
266,Rice,Brown Planthopper,Larva,Typical symptoms caused by Brown Planthopper,Fruit,Leaf feeding,Rabi,High,Brown Planthopper is a common pest affecting Rice.
267,Wheat,Pink Stem Borer,Nymph,Typical symptoms caused by Pink Stem Borer,Whole Plant,Root damage,Year-round,Low,Pink Stem Borer is a common pest affecting Wheat.
268,Wheat,Cutworm,Adult,Typical symptoms caused by Cutworm,Fruit,Sap sucking,Rabi,Medium,Cutworm is a common pest affecting Wheat.
269,Wheat,Aphid,Egg,Typical symptoms caused by Aphid,Leaf,Leaf feeding,Year-round,High,Aphid is a common pest affecting Wheat.
270,Potato,White Grub,Egg,Typical symptoms caused by White Grub,Whole Plant,Leaf feeding,Summer,Low,White Grub is a common pest affecting Potato.
271,Cotton,Jassid,Adult,Typical symptoms caused by Jassid,Whole Plant,Fruit damage,Rabi,High,Jassid is a common pest affecting Cotton.
272,Rice,Caseworm,Adult,Typical symptoms caused by Caseworm,Fruit,Root damage,Kharif,High,Caseworm is a common pest affecting Rice.
273,Rice,Rice Hispa,Nymph,Typical symptoms caused by Rice Hispa,Stem,Fruit damage,Year-round,Low,Rice Hispa is a common pest affecting Rice.
274,Potato,Cutworm,Larva,Typical symptoms caused by Cutworm,Leaf,Root damage,Year-round,Low,Cutworm is a common pest affecting Potato.
275,Tomato,Spider Mite,Nymph,Typical symptoms caused by Spider Mite,Root,Fruit damage,Kharif,Medium,Spider Mite is a common pest affecting Tomato.
276,Rice,Caseworm,Nymph,Typical symptoms caused by Caseworm,Root,Stem boring,Rabi,High,Caseworm is a common pest affecting Rice.
277,Cotton,American Bollworm,Nymph,Typical symptoms caused by American Bollworm,Fruit,Stem boring,Rabi,Low,American Bollworm is a common pest affecting Cotton.
278,Rice,Armyworm,Larva,Typical symptoms caused by Armyworm,Stem,Root damage,Rabi,Low,Armyworm is a common pest affecting Rice.
279,Chilli,Whitefly,Adult,Typical symptoms caused by Whitefly,Stem,Leaf feeding,Rabi,Medium,Whitefly is a common pest affecting Chilli.
280,Soybean,Whitefly,Adult,Typical symptoms caused by Whitefly,Root,Stem boring,Year-round,Medium,Whitefly is a common pest affecting Soybean.
281,Tomato,Thrips,Nymph,Typical symptoms caused by Thrips,Stem,Sap sucking,Rabi,Medium,Thrips is a common pest affecting Tomato.
282,Onion,Maggot,Adult,Typical symptoms caused by Maggot,Leaf,Fruit damage,Rabi,Medium,Maggot is a common pest affecting Onion.
283,Tomato,Aphid,Adult,Typical symptoms caused by Aphid,Stem,Defoliation,Kharif,Medium,Aphid is a common pest affecting Tomato.
284,Cotton,Jassid,Larva,Typical symptoms caused by Jassid,Stem,Defoliation,Kharif,Medium,Jassid is a common pest affecting Cotton.
285,Banana,Banana Weevil,Adult,Typical symptoms caused by Banana Weevil,Whole Plant,Defoliation,Kharif,Low,Banana Weevil is a common pest affecting Banana.
286,Wheat,Cutworm,Larva,Typical symptoms caused by Cutworm,Fruit,Leaf feeding,Kharif,Low,Cutworm is a common pest affecting Wheat.
287,Rice,Armyworm,Egg,Typical symptoms caused by Armyworm,Leaf,Fruit damage,Summer,Medium,Armyworm is a common pest affecting Rice.
288,Onion,Cutworm,Adult,Typical symptoms caused by Cutworm,Root,Stem boring,Rabi,High,Cutworm is a common pest affecting Onion.
289,Wheat,Termite,Egg,Typical symptoms caused by Termite,Fruit,Stem boring,Summer,Medium,Termite is a common pest affecting Wheat.
290,Soybean,Whitefly,Larva,Typical symptoms caused by Whitefly,Root,Sap sucking,Rabi,High,Whitefly is a common pest affecting Soybean.
291,Tomato,Whitefly,Nymph,Typical symptoms caused by Whitefly,Leaf,Defoliation,Summer,Medium,Whitefly is a common pest affecting Tomato.
292,Banana,Thrips,Egg,Typical symptoms caused by Thrips,Whole Plant,Sap sucking,Kharif,Low,Thrips is a common pest affecting Banana.
293,Banana,Nematode,Adult,Typical symptoms caused by Nematode,Fruit,Fruit damage,Summer,Low,Nematode is a common pest affecting Banana.
294,Chilli,Thrips,Larva,Typical symptoms caused by Thrips,Leaf,Defoliation,Summer,Medium,Thrips is a common pest affecting Chilli.
295,Banana,Thrips,Larva,Typical symptoms caused by Thrips,Root,Fruit damage,Rabi,High,Thrips is a common pest affecting Banana.
296,Banana,Thrips,Adult,Typical symptoms caused by Thrips,Whole Plant,Sap sucking,Kharif,High,Thrips is a common pest affecting Banana.
297,Potato,Aphid,Nymph,Typical symptoms caused by Aphid,Root,Stem boring,Summer,Low,Aphid is a common pest affecting Potato.
298,Potato,White Grub,Nymph,Typical symptoms caused by White Grub,Whole Plant,Leaf feeding,Summer,Low,White Grub is a common pest affecting Potato.
299,Wheat,Cutworm,Nymph,Typical symptoms caused by Cutworm,Root,Leaf feeding,Year-round,High,Cutworm is a common pest affecting Wheat.
300,Maize,Corn Earworm,Adult,Typical symptoms caused by Corn Earworm,Whole Plant,Sap sucking,Kharif,Low,Corn Earworm is a common pest affecting Maize.
